#,Name,Start,End,Length
M1,,1.1.00000000,,
M2,,27.2.36303855,,
M3,,37.1.23324263,,
M4,,97.4.53192744,,
M5,,107.2.10181406,,
M6,,178.3.80013605,,
M7,,247.4.95351474,,
M8,,967.4.77605442,,
M9,,3287.4.58448971,,
M10,,3298.3.49496590,,
M11,,3338.2.73741487,,
M12,,3437.3.28780035,,
M13,,3538.1.27165522,,
M14,,3547.3.39882075,,
M15,,3588.3.37814048,,
M16,,4048.1.19111096,,
